{"n":[14,17,22,26,29,42,51,70,76,96,100,107,127,130,137,144,150,159,180,200],"name":"Constants","rnn":[0.4642857142857143,0.47058823529411764,0.4772727272727273,0.4807692307692308,0.4827586206896552,0.4880952380952381,0.49019607843137253,0.4928571428571429,0.4934210526315789,0.4947916666666667,0.495,0.4953271028037383,0.49606299212598426,0.49615384615384617,0.49635036496350365,0.4965277777777778,0.49666666666666665,0.4968553459119497,0.49722222222222223,0.4975],"krandom":[0.9285714285714286,0.9411764705882353,0.9545454545454546,0.9615384615384616,0.9655172413793104,0.9761904761904762,0.9803921568627451,0.9857142857142858,0.9868421052631579,0.9895833333333334,0.99,0.9906542056074766,0.9921259842519685,0.9923076923076923,0.9927007299270073,0.9930555555555556,0.9933333333333333,0.9937106918238994,0.9944444444444445,0.995],"twoopt":[0.29846938775510207,0.41522491349480967,0.4555785123966942,0.42529585798816566,0.3329369797859691,0.49971655328798187,0.40369088811995385,0.47877551020408166,0.44148199445983377,0.5463324652777778,0.5148,0.5138440038431304,0.488250976501953,0.5457692307692308,0.5724332676221429,0.6137635030864198,0.5231555555555556,0.565602626478383,0.5331327160493827,0.552225]}